Time,Latitude,Longtitude,Altitude,Relative Altitude,GPS Vx,GPS Vy,GPS Vz,Heading,Roll,Pitch,Yaw,Rollspeed,Pitchspeed,YawSpeed,Accel X,Accel Y,Accel Z,Gyro X,Gyro Y,Gyro Z,Magnetic Field X,Magnetic Field Y,Magnetic Field Z
0,0,0,0,0,0,0,0,0,0,0,0,0,0,0,0,0,0,0,0,0,0,0,0
0.025,0,0,0,0,0,0,0,0,0,0,0,0,0,0,0,0,0,0,0,0,0,0,0
0.05,0,0,0,0,0,0,0,0,0,0,0,0,0,0,0,0,0,0,0,0,0,0,0
0.075,0,0,0,0,0,0,0,0,0,0,0,0,0,0,0,0,0,0,0,0,0,0,0
0.1,0,0,0,0,0,0,0,0,0,0,0,0,0,0,0,0,0,0,0,0,0,0,0
0.125,0,0,0,0,0,0,0,0,0,0,0,0,0,0,0,0,0,0,0,0,0,0,0
0.15,0,0,0,0,0,0,0,0,0,0,0,0,0,0,0,0,0,0,0,0,0,0,0
0.175,0,0,0,0,0,0,0,0,0,0,0,0,0,0,0,0,0,0,0,0,0,0,0
0.2,0,0,0,0,0,0,0,0,0,0,0,0,0,0,0,0,0,0,0,0,0,0,0
0.225,0,0,0,0,0,0,0,0,0,0,0,0,0,0,0,0,0,0,0,0,0,0,0
0.25,0,0,0,0,0,0,0,0,0,0,0,0,0,0,0,0,0,0,0,0,0,0,0
0.275,0,0,0,0,0,0,0,0,0,0,0,0,0,0,0,0,0,0,0,0,0,0,0
0.3,0,0,0,0,0,0,0,0,0,0,0,0,0,0,0,0,0,0,0,0,0,0,0
0.325,0,0,0,0,0,0,0,0,0,0,0,0,0,0,0,0,0,0,0,0,0,0,0
0.35,0,0,0,0,0,0,0,0,0,0,0,0,0,0,0,0,0,0,0,0,0,0,0
0.375,0,0,0,0,0,0,0,0,0,0,0,0,0,0,0,0,0,0,0,0,0,0,0
0.4,0,0,0,0,0,0,0,0,0,0,0,0,0,0,0,0,0,0,0,0,0,0,0
0.425,0,0,0,0,0,0,0,0,0,0,0,0,0,0,0,0,0,0,0,0,0,0,0
0.45,0,0,0,0,0,0,0,0,0,0,0,0,0,0,0,0,0,0,0,0,0,0,0
0.475,0,0,0,0,0,0,0,0,0,0,0,0,0,0,0,0,0,0,0,0,0,0,0
0.5,0,0,0,0,0,0,0,0,0,0,0,0,0,0,0,0,0,0,0,0,0,0,0
0.525,0,0,0,0,0,0,0,0,0,0,0,0,0,0,0,0,0,0,0,0,0,0,0
0.55,0,0,0,0,0,0,0,0,0,0,0,0,0,0,0,0,0,0,0,0,0,0,0
0.575,0,0,0,0,0,0,0,0,0,0,0,0,0,0,0,0,0,0,0,0,0,0,0
0.6,0,0,0,0,0,0,0,0,0,0,0,0,0,0,0,0,0,0,0,0,0,0,0
0.625,0,0,0,0,0,0,0,0,0,0,0,0,0,0,0,0,0,0,0,0,0,0,0
0.65,0,0,0,0,0,0,0,0,0,0,0,0,0,0,0,0,0,0,0,0,0,0,0
0.675,0,0,0,0,0,0,0,0,0,0,0,0,0,0,0,0,0,0,0,0,0,0,0
0.7,0,0,0,0,0,0,0,0,0,0,0,0,0,0,0,0,0,0,0,0,0,0,0
0.725,0,0,0,0,0,0,0,0,0,0,0,0,0,0,0,0,0,0,0,0,0,0,0
0.75,0,0,0,0,0,0,0,0,0,0,0,0,0,0,0,0,0,0,0,0,0,0,0
0.775,0,0,0,0,0,0,0,0,0,0,0,0,0,0,0,0,0,0,0,0,0,0,0
0.8,0,0,0,0,0,0,0,0,0,0,0,0,0,0,0,0,0,0,0,0,0,0,0
0.825,0,0,0,0,0,0,0,0,0,0,0,0,0,0,0,0,0,0,0,0,0,0,0
0.85,0,0,0,0,0,0,0,0,0,0,0,0,0,0,0,0,0,0,0,0,0,0,0
0.875,0,0,0,0,0,0,0,0,0,0,0,0,0,0,0,0,0,0,0,0,0,0,0
0.9,0,0,0,0,0,0,0,0,0,0,0,0,0,0,0,0,0,0,0,0,0,0,0
0.925,0,0,0,0,0,0,0,0,0,0,0,0,0,0,0,0,0,0,0,0,0,0,0
0.95,0,0,0,0,0,0,0,0,0,0,0,0,0,0,0,0,0,0,0,0,0,0,0
0.975,0,0,0,0,0,0,0,0,0,0,0,0,0,0,0,0,0,0,0,0,0,0,0
1,0,0,0,0,0,0,0,0,0,0,0,0,0,0,0,0,0,0,0,0,0,0,0
1.025,0,0,0,0,0,0,0,0,0,0,0,0,0,0,0,0,0,0,0,0,0,0,0
1.05,0,0,0,0,0,0,0,0,0,0,0,0,0,0,0,0,0,0,0,0,0,0,0
1.075,0,0,0,0,0,0,0,0,0,0,0,0,0,0,0,0,0,0,0,0,0,0,0
1.1,0,0,0,0,0,0,0,0,0,0,0,0,0,0,0,0,0,0,0,0,0,0,0
1.125,0,0,0,0,0,0,0,0,0,0,0,0,0,0,0,0,0,0,0,0,0,0,0
1.15,0,0,0,0,0,0,0,0,0,0,0,0,0,0,0,0,0,0,0,0,0,0,0
1.175,0,0,0,0,0,0,0,0,0,0,0,0,0,0,0,0,0,0,0,0,0,0,0
1.2,0,0,0,0,0,0,0,0,0,0,0,0,0,0,0,0,0,0,0,0,0,0,0
1.225,0,0,0,0,0,0,0,0,0,0,0,0,0,0,0,0,0,0,0,0,0,0,0
1.25,0,0,0,0,0,0,0,0,0,0,0,0,0,0,0,0,0,0,0,0,0,0,0
1.275,0,0,0,0,0,0,0,0,0,0,0,0,0,0,0,0,0,0,0,0,0,0,0
1.3,0,0,0,0,0,0,0,0,0,0,0,0,0,0,0,0,0,0,0,0,0,0,0
1.325,0,0,0,0,0,0,0,0,0,0,0,0,0,0,0,0,0,0,0,0,0,0,0
1.35,0,0,0,0,0,0,0,0,0,0,0,0,0,0,0,0,0,0,0,0,0,0,0
1.375,0,0,0,0,0,0,0,0,0,0,0,0,0,0,0,0,0,0,0,0,0,0,0
1.4,0,0,0,0,0,0,0,0,0,0,0,0,0,0,0,0,0,0,0,0,0,0,0
1.425,0,0,0,0,0,0,0,0,0,0,0,0,0,0,0,0,0,0,0,0,0,0,0
1.45,0,0,0,0,0,0,0,0,0,0,0,0,0,0,0,0,0,0,0,0,0,0,0
1.475,0,0,0,0,0,0,0,0,0,0,0,0,0,0,0,0,0,0,0,0,0,0,0
1.5,0,0,0,0,0,0,0,0,0,0,0,0,0,0,0,0,0,0,0,0,0,0,0
1.525,0,0,0,0,0,0,0,0,0,0,0,0,0,0,0,0,0,0,0,0,0,0,0
1.55,0,0,0,0,0,0,0,0,0,0,0,0,0,0,0,0,0,0,0,0,0,0,0
1.575,0,0,0,0,0,0,0,0,0,0,0,0,0,0,0,0,0,0,0,0,0,0,0
1.6,0,0,0,0,0,0,0,0,0,0,0,0,0,0,0,0,0,0,0,0,0,0,0
1.625,0,0,0,0,0,0,0,0,0,0,0,0,0,0,0,0,0,0,0,0,0,0,0
1.65,0,0,0,0,0,0,0,0,0,0,0,0,0,0,0,0,0,0,0,0,0,0,0
1.675,0,0,0,0,0,0,0,0,0,0,0,0,0,0,0,0,0,0,0,0,0,0,0
1.7,0,0,0,0,0,0,0,0,0,0,0,0,0,0,0,0,0,0,0,0,0,0,0
1.725,0,0,0,0,0,0,0,0,0,0,0,0,0,0,0,0,0,0,0,0,0,0,0
1.75,0,0,0,0,0,0,0,0,0,0,0,0,0,0,0,0,0,0,0,0,0,0,0
1.775,0,0,0,0,0,0,0,0,0,0,0,0,0,0,0,0,0,0,0,0,0,0,0
1.8,0,0,0,0,0,0,0,0,0,0,0,0,0,0,0,0,0,0,0,0,0,0,0
1.825,0,0,0,0,0,0,0,0,0,0,0,0,0,0,0,0,0,0,0,0,0,0,0
1.85,0,0,0,0,0,0,0,0,0,0,0,0,0,0,0,0,0,0,0,0,0,0,0
1.875,0,0,0,0,0,0,0,0,0,0,0,0,0,0,0,0,0,0,0,0,0,0,0
1.9,0,0,0,0,0,0,0,0,0,0,0,0,0,0,0,0,0,0,0,0,0,0,0
1.925,0,0,0,0,0,0,0,0,0,0,0,0,0,0,0,0,0,0,0,0,0,0,0
1.95,0,0,0,0,0,0,0,0,0,0,0,0,0,0,0,0,0,0,0,0,0,0,0
1.975,0,0,0,0,0,0,0,0,0,0,0,0,0,0,0,0,0,0,0,0,0,0,0
2,0,0,0,0,0,0,0,0,0,0,0,0,0,0,0,0,0,0,0,0,0,0,0
2.025,0,0,0,0,0,0,0,0,0,0,0,0,0,0,0,0,0,0,0,0,0,0,0
2.05,0,0,0,0,0,0,0,0,0,0,0,0,0,0,0,0,0,0,0,0,0,0,0
2.075,0,0,0,0,0,0,0,0,0,0,0,0,0,0,0,0,0,0,0,0,0,0,0
2.1,0,0,0,0,0,0,0,0,0,0,0,0,0,0,0,0,0,0,0,0,0,0,0
2.125,0,0,0,0,0,0,0,0,0,0,0,0,0,0,0,0,0,0,0,0,0,0,0
2.15,0,0,0,0,0,0,0,0,0.00127783,0.00121483,-1.0897,0.000274452,0.000336637,0.000809773,0,0,0,0,0,0,0,0,0
2.175,0,0,0,0,0,0,0,0,0.00127783,0.00121483,-1.0897,0.000274452,0.000336637,0.000809773,0,0,0,0,0,0,0,0,0
2.2,0,0,0,0,0,0,0,0,0.00127783,0.00121483,-1.0897,0.000274452,0.000336637,0.000809773,0,0,0,0,0,0,0,0,0
2.225,0,0,0,0,0,0,0,0,0.00127783,0.00121483,-1.0897,0.000274452,0.000336637,0.000809773,0,0,0,0,0,0,0,0,0
2.25,0,0,0,0,0,0,0,0,0.00127783,0.00121483,-1.0897,0.000274452,0.000336637,0.000809773,0,0,0,0,0,0,0,0,0
2.275,0,0,0,0,0,0,0,0,0.00127783,0.00121483,-1.0897,0.000274452,0.000336637,0.000809773,0,0,0,0,0,0,0,0,0
2.3,0,0,0,0,0,0,0,0,0.00127783,0.00121483,-1.0897,0.000274452,0.000336637,0.000809773,0,0,0,0,0,0,0,0,0
2.325,0,0,0,0,0,0,0,0,0.00127783,0.00121483,-1.0897,0.000274452,0.000336637,0.000809773,0,0,0,0,0,0,0,0,0
2.35,0,0,0,0,0,0,0,0,0.00127783,0.00121483,-1.0897,0.000274452,0.000336637,0.000809773,0,0,0,0,0,0,0,0,0
2.375,0,0,0,0,0,0,0,0,0.00127783,0.00121483,-1.0897,0.000274452,0.000336637,0.000809773,0,0,0,0,0,0,0,0,0
2.4,0,0,0,0,0,0,0,0,0.00127783,0.00121483,-1.0897,0.000274452,0.000336637,0.000809773,0,0,0,0,0,0,0,0,0
2.425,0,0,0,0,0,0,0,0,0.00127783,0.00121483,-1.0897,0.000274452,0.000336637,0.000809773,0,0,0,0,0,0,0,0,0
2.45,0,0,0,0,0,0,0,0,0.00127783,0.00121483,-1.0897,0.000274452,0.000336637,0.000809773,0,0,0,0,0,0,0,0,0
2.475,0,0,0,0,0,0,0,0,0.00127783,0.00121483,-1.0897,0.000274452,0.000336637,0.000809773,0,0,0,0,0,0,0,0,0
2.5,0,0,0,0,0,0,0,0,0.00127783,0.00121483,-1.0897,0.000274452,0.000336637,0.000809773,0,0,0,0,0,0,0,0,0
2.525,0,0,0,0,0,0,0,0,0.00127783,0.00121483,-1.0897,0.000274452,0.000336637,0.000809773,0,0,0,0,0,0,0,0,0
2.55,0,0,0,0,0,0,0,0,0.00127783,0.00121483,-1.0897,0.000274452,0.000336637,0.000809773,0,0,0,0,0,0,0,0,0
2.575,0,0,0,0,0,0,0,0,0.00127783,0.00121483,-1.0897,0.000274452,0.000336637,0.000809773,0,0,0,0,0,0,0,0,0
2.6,0,0,0,0,0,0,0,0,0.00127783,0.00121483,-1.0897,0.000274452,0.000336637,0.000809773,0,0,0,0,0,0,0,0,0
2.625,0,0,0,0,0,0,0,0,0.00127783,0.00121483,-1.0897,0.000274452,0.000336637,0.000809773,0,0,0,0,0,0,0,0,0
2.65,0,0,0,0,0,0,0,0,0.00127783,0.00121483,-1.0897,0.000274452,0.000336637,0.000809773,0,0,0,0,0,0,0,0,0
2.675,0,0,0,0,0,0,0,0,0.00127783,0.00121483,-1.0897,0.000274452,0.000336637,0.000809773,0,0,0,0,0,0,0,0,0
2.7,0,0,0,0,0,0,0,0,0.00127783,0.00121483,-1.0897,0.000274452,0.000336637,0.000809773,0,0,0,0,0,0,0,0,0
2.725,0,0,0,0,0,0,0,0,0.00127783,0.00121483,-1.0897,0.000274452,0.000336637,0.000809773,0,0,0,0,0,0,0,0,0
2.75,0,0,0,0,0,0,0,0,0.00127783,0.00121483,-1.0897,0.000274452,0.000336637,0.000809773,0,0,0,0,0,0,0,0,0
2.775,0,0,0,0,0,0,0,0,0.00127783,0.00121483,-1.0897,0.000274452,0.000336637,0.000809773,0,0,0,0,0,0,0,0,0
2.8,0,0,0,0,0,0,0,0,0.00127783,0.00121483,-1.0897,0.000274452,0.000336637,0.000809773,0,0,0,0,0,0,0,0,0
2.825,0,0,0,0,0,0,0,0,0.00127783,0.00121483,-1.0897,0.000274452,0.000336637,0.000809773,0,0,0,0,0,0,0,0,0
2.85,0,0,0,0,0,0,0,0,0.00127783,0.00121483,-1.0897,0.000274452,0.000336637,0.000809773,0,0,0,0,0,0,0,0,0
2.875,0,0,0,0,0,0,0,0,0.00127783,0.00121483,-1.0897,0.000274452,0.000336637,0.000809773,0,0,0,0,0,0,0,0,0
2.9,0,0,0,0,0,0,0,0,0.00127783,0.00121483,-1.0897,0.000274452,0.000336637,0.000809773,0,0,0,0,0,0,0,0,0
2.925,0,0,0,0,0,0,0,0,0.00127783,0.00121483,-1.0897,0.000274452,0.000336637,0.000809773,0,0,0,0,0,0,0,0,0
2.95,0,0,0,0,0,0,0,0,0.00127783,0.00121483,-1.0897,0.000274452,0.000336637,0.000809773,0,0,0,0,0,0,0,0,0
2.975,0,0,0,0,0,0,0,0,0.00127783,0.00121483,-1.0897,0.000274452,0.000336637,0.000809773,0,0,0,0,0,0,0,0,0
3,0,0,0,0,0,0,0,0,0.00127783,0.00121483,-1.0897,0.000274452,0.000336637,0.000809773,0,0,0,0,0,0,0,0,0
3.025,0,0,0,0,0,0,0,0,0.00127783,0.00121483,-1.0897,0.000274452,0.000336637,0.000809773,0,0,0,0,0,0,0,0,0
3.05,0,0,0,0,0,0,0,0,0.00127783,0.00121483,-1.0897,0.000274452,0.000336637,0.000809773,0,0,0,0,0,0,0,0,0
3.075,0,0,0,0,0,0,0,0,0.00127783,0.00121483,-1.0897,0.000274452,0.000336637,0.000809773,0,0,0,0,0,0,0,0,0
3.1,0,0,0,0,0,0,0,0,0.00127783,0.00121483,-1.0897,0.000274452,0.000336637,0.000809773,0,0,0,0,0,0,0,0,0
3.125,0,0,0,0,0,0,0,0,0.00127783,0.00121483,-1.0897,0.000274452,0.000336637,0.000809773,0,0,0,0,0,0,0,0,0
3.15,-353632623,1491652374,584060,3,0,2,0,29757,0.00127783,0.00121483,-1.0897,0.000274452,0.000336637,0.000809773,0,0,0,0,0,0,0,0,0
3.175,-353632623,1491652374,584060,3,0,2,0,29757,0.00127783,0.00121483,-1.0897,0.000274452,0.000336637,0.000809773,0,0,0,0,0,0,0,0,0
3.2,-353632623,1491652374,584060,3,0,2,0,29757,0.00127783,0.00121483,-1.0897,0.000274452,0.000336637,0.000809773,0,0,0,0,0,0,0,0,0
3.225,-353632623,1491652374,584060,3,0,2,0,29757,0.00127783,0.00121483,-1.0897,0.000274452,0.000336637,0.000809773,0,0,0,0,0,0,0,0,0
3.25,-353632623,1491652374,584060,3,0,2,0,29757,0.00127783,0.00121483,-1.0897,0.000274452,0.000336637,0.000809773,0,0,0,0,0,0,0,0,0
3.275,-353632623,1491652374,584060,3,0,2,0,29757,0.00127783,0.00121483,-1.0897,0.000274452,0.000336637,0.000809773,0,0,0,0,0,0,0,0,0
3.3,-353632623,1491652374,584060,3,0,2,0,29757,0.00127783,0.00121483,-1.0897,0.000274452,0.000336637,0.000809773,0,0,0,0,0,0,0,0,0
3.325,-353632623,1491652374,584060,3,0,2,0,29757,0.00127783,0.00121483,-1.0897,0.000274452,0.000336637,0.000809773,0,0,0,0,0,0,0,0,0
3.35,-353632623,1491652374,584060,3,0,2,0,29757,0.00127783,0.00121483,-1.0897,0.000274452,0.000336637,0.000809773,0,0,0,0,0,0,0,0,0
3.375,-353632623,1491652374,584060,3,0,2,0,29757,0.00127783,0.00121483,-1.0897,0.000274452,0.000336637,0.000809773,0,0,0,0,0,0,0,0,0
3.4,-353632623,1491652374,584060,3,0,2,0,29757,0.00127783,0.00121483,-1.0897,0.000274452,0.000336637,0.000809773,0,0,0,0,0,0,0,0,0
3.425,-353632623,1491652374,584060,3,0,2,0,29757,0.00127783,0.00121483,-1.0897,0.000274452,0.000336637,0.000809773,0,0,0,0,0,0,0,0,0
3.45,-353632623,1491652374,584060,3,0,2,0,29757,0.00127783,0.00121483,-1.0897,0.000274452,0.000336637,0.000809773,0,0,0,0,0,0,0,0,0
3.475,-353632623,1491652374,584060,3,0,2,0,29757,0.00127783,0.00121483,-1.0897,0.000274452,0.000336637,0.000809773,0,0,0,0,0,0,0,0,0
3.5,-353632623,1491652374,584060,3,0,2,0,29757,0.00127783,0.00121483,-1.0897,0.000274452,0.000336637,0.000809773,0,0,0,0,0,0,0,0,0
3.525,-353632623,1491652374,584060,3,0,2,0,29757,0.00127783,0.00121483,-1.0897,0.000274452,0.000336637,0.000809773,0,0,0,0,0,0,0,0,0
3.55,-353632623,1491652374,584060,3,0,2,0,29757,0.00127783,0.00121483,-1.0897,0.000274452,0.000336637,0.000809773,0,0,0,0,0,0,0,0,0
3.575,-353632623,1491652374,584060,3,0,2,0,29757,0.00127783,0.00121483,-1.0897,0.000274452,0.000336637,0.000809773,0,0,0,0,0,0,0,0,0
3.6,-353632623,1491652374,584060,3,0,2,0,29757,0.00127783,0.00121483,-1.0897,0.000274452,0.000336637,0.000809773,0,0,0,0,0,0,0,0,0
3.625,-353632623,1491652374,584060,3,0,2,0,29757,0.00127783,0.00121483,-1.0897,0.000274452,0.000336637,0.000809773,0,0,0,0,0,0,0,0,0
3.65,-353632623,1491652374,584060,3,0,2,0,29757,0.00127783,0.00121483,-1.0897,0.000274452,0.000336637,0.000809773,0,0,0,0,0,0,0,0,0
3.675,-353632623,1491652374,584060,3,0,2,0,29757,0.00127783,0.00121483,-1.0897,0.000274452,0.000336637,0.000809773,0,0,0,0,0,0,0,0,0
3.7,-353632623,1491652374,584060,3,0,2,0,29757,0.00127783,0.00121483,-1.0897,0.000274452,0.000336637,0.000809773,0,0,0,0,0,0,0,0,0
3.725,-353632623,1491652374,584060,3,0,2,0,29757,0.00127783,0.00121483,-1.0897,0.000274452,0.000336637,0.000809773,0,0,0,0,0,0,0,0,0
3.75,-353632623,1491652374,584060,3,0,2,0,29757,0.00127783,0.00121483,-1.0897,0.000274452,0.000336637,0.000809773,0,0,0,0,0,0,0,0,0
3.775,-353632623,1491652374,584060,3,0,2,0,29757,0.00127783,0.00121483,-1.0897,0.000274452,0.000336637,0.000809773,0,0,0,0,0,0,0,0,0
3.8,-353632623,1491652374,584060,3,0,2,0,29757,0.00127783,0.00121483,-1.0897,0.000274452,0.000336637,0.000809773,0,0,0,0,0,0,0,0,0
3.825,-353632623,1491652374,584060,3,0,2,0,29757,0.00127783,0.00121483,-1.0897,0.000274452,0.000336637,0.000809773,0,0,0,0,0,0,0,0,0
3.85,-353632623,1491652374,584060,3,0,2,0,29757,0.00127783,0.00121483,-1.0897,0.000274452,0.000336637,0.000809773,0,0,0,0,0,0,0,0,0
3.875,-353632623,1491652374,584060,3,0,2,0,29757,0.00127783,0.00121483,-1.0897,0.000274452,0.000336637,0.000809773,0,0,0,0,0,0,0,0,0
3.9,-353632623,1491652374,584060,3,0,2,0,29757,0.00127783,0.00121483,-1.0897,0.000274452,0.000336637,0.000809773,0,0,0,0,0,0,0,0,0
3.925,-353632623,1491652374,584060,3,0,2,0,29757,0.00127783,0.00121483,-1.0897,0.000274452,0.000336637,0.000809773,0,0,0,0,0,0,0,0,0
3.95,-353632623,1491652374,584060,3,0,2,0,29757,0.00127783,0.00121483,-1.0897,0.000274452,0.000336637,0.000809773,0,0,0,0,0,0,0,0,0
3.975,-353632623,1491652374,584060,3,0,2,0,29757,0.00127783,0.00121483,-1.0897,0.000274452,0.000336637,0.000809773,0,0,0,0,0,0,0,0,0
4,-353632623,1491652374,584060,3,0,2,0,29757,0.00127783,0.00121483,-1.0897,0.000274452,0.000336637,0.000809773,0,0,0,0,0,0,0,0,0
4.025,-353632623,1491652374,584060,3,0,2,0,29757,0.00127783,0.00121483,-1.0897,0.000274452,0.000336637,0.000809773,0,0,0,0,0,0,0,0,0
4.05,-353632623,1491652374,584060,3,0,2,0,29757,0.00127783,0.00121483,-1.0897,0.000274452,0.000336637,0.000809773,0,0,-1000,3,3,3,56,231,-528
4.075,-353632623,1491652374,584060,3,0,2,0,29757,0.00127783,0.00121483,-1.0897,0.000274452,0.000336637,0.000809773,0,0,-1000,3,3,3,56,231,-528
4.1,-353632623,1491652374,584060,3,0,2,0,29757,0.00127783,0.00121483,-1.0897,0.000274452,0.000336637,0.000809773,0,0,-1000,3,3,3,56,231,-528
4.125,-353632623,1491652374,584060,3,0,2,0,29757,0.00127783,0.00121483,-1.0897,0.000274452,0.000336637,0.000809773,0,0,-1000,3,3,3,56,231,-528
4.15,-353632623,1491652374,584060,3,0,2,0,29757,0.00127783,0.00121483,-1.0897,0.000274452,0.000336637,0.000809773,0,0,-1000,3,3,3,56,231,-528
4.175,-353632623,1491652374,584060,3,0,2,0,29757,0.00127783,0.00121483,-1.0897,0.000274452,0.000336637,0.000809773,0,0,-1000,3,3,3,56,231,-528
4.2,-353632623,1491652374,584060,3,0,2,0,29757,0.00127783,0.00121483,-1.0897,0.000274452,0.000336637,0.000809773,0,0,-1000,3,3,3,56,231,-528
4.225,-353632623,1491652374,584060,3,0,2,0,29757,0.00127783,0.00121483,-1.0897,0.000274452,0.000336637,0.000809773,0,0,-1000,3,3,3,56,231,-528
4.25,-353632623,1491652374,584060,3,0,2,0,29757,0.00127783,0.00121483,-1.0897,0.000274452,0.000336637,0.000809773,0,0,-1000,3,3,3,56,231,-528
4.275,-353632623,1491652374,584060,3,0,2,0,29757,0.00127783,0.00121483,-1.0897,0.000274452,0.000336637,0.000809773,0,0,-1000,3,3,3,56,231,-528
4.3,-353632623,1491652374,584060,3,0,2,0,29757,0.00127783,0.00121483,-1.0897,0.000274452,0.000336637,0.000809773,0,0,-1000,3,3,3,56,231,-528
4.325,-353632623,1491652374,584060,3,0,2,0,29757,0.00127783,0.00121483,-1.0897,0.000274452,0.000336637,0.000809773,0,0,-1000,3,3,3,56,231,-528
4.35,-353632623,1491652374,584060,3,0,2,0,29757,0.00127783,0.00121483,-1.0897,0.000274452,0.000336637,0.000809773,0,0,-1000,3,3,3,56,231,-528
4.375,-353632623,1491652374,584060,3,0,2,0,29757,0.00127783,0.00121483,-1.0897,0.000274452,0.000336637,0.000809773,0,0,-1000,3,3,3,56,231,-528
4.4,-353632623,1491652374,584060,3,0,2,0,29757,0.00127783,0.00121483,-1.0897,0.000274452,0.000336637,0.000809773,0,0,-1000,3,3,3,56,231,-528
4.425,-353632623,1491652374,584060,3,0,2,0,29757,0.00127783,0.00121483,-1.0897,0.000274452,0.000336637,0.000809773,0,0,-1000,3,3,3,56,231,-528
4.45,-353632623,1491652374,584060,3,0,2,0,29757,0.00127783,0.00121483,-1.0897,0.000274452,0.000336637,0.000809773,0,0,-1000,3,3,3,56,231,-528
4.475,-353632623,1491652374,584060,3,0,2,0,29757,0.00127783,0.00121483,-1.0897,0.000274452,0.000336637,0.000809773,0,0,-1000,3,3,3,56,231,-528
4.5,-353632623,1491652374,584060,3,0,2,0,29757,0.00127783,0.00121483,-1.0897,0.000274452,0.000336637,0.000809773,0,0,-1000,3,3,3,56,231,-528
4.525,-353632623,1491652374,584060,3,0,2,0,29757,0.00127783,0.00121483,-1.0897,0.000274452,0.000336637,0.000809773,0,0,-1000,3,3,3,56,231,-528
4.55,-353632623,1491652374,584060,3,0,2,0,29757,0.00127783,0.00121483,-1.0897,0.000274452,0.000336637,0.000809773,0,0,-1000,3,3,3,56,231,-528
4.575,-353632623,1491652374,584060,3,0,2,0,29757,0.00127783,0.00121483,-1.0897,0.000274452,0.000336637,0.000809773,0,0,-1000,3,3,3,56,231,-528
4.6,-353632623,1491652374,584060,3,0,2,0,29757,0.00127783,0.00121483,-1.0897,0.000274452,0.000336637,0.000809773,0,0,-1000,3,3,3,56,231,-528
4.625,-353632623,1491652374,584060,3,0,2,0,29757,0.00127783,0.00121483,-1.0897,0.000274452,0.000336637,0.000809773,0,0,-1000,3,3,3,56,231,-528
4.65,-353632623,1491652374,584060,3,0,2,0,29757,0.00127783,0.00121483,-1.0897,0.000274452,0.000336637,0.000809773,0,0,-1000,3,3,3,56,231,-528
4.675,-353632623,1491652374,584060,3,0,2,0,29757,0.00127783,0.00121483,-1.0897,0.000274452,0.000336637,0.000809773,0,0,-1000,3,3,3,56,231,-528
4.7,-353632623,1491652374,584060,3,0,2,0,29757,0.00127783,0.00121483,-1.0897,0.000274452,0.000336637,0.000809773,0,0,-1000,3,3,3,56,231,-528
4.725,-353632623,1491652374,584060,3,0,2,0,29757,0.00127783,0.00121483,-1.0897,0.000274452,0.000336637,0.000809773,0,0,-1000,3,3,3,56,231,-528
4.75,-353632623,1491652374,584060,3,0,2,0,29757,0.00127783,0.00121483,-1.0897,0.000274452,0.000336637,0.000809773,0,0,-1000,3,3,3,56,231,-528
4.775,-353632623,1491652374,584060,3,0,2,0,29757,0.00127783,0.00121483,-1.0897,0.000274452,0.000336637,0.000809773,0,0,-1000,3,3,3,56,231,-528
4.8,-353632623,1491652374,584060,3,0,2,0,29757,0.00127783,0.00121483,-1.0897,0.000274452,0.000336637,0.000809773,0,0,-1000,3,3,3,56,231,-528
4.825,-353632623,1491652374,584060,3,0,2,0,29757,0.00127783,0.00121483,-1.0897,0.000274452,0.000336637,0.000809773,0,0,-1000,3,3,3,56,231,-528
4.85,-353632623,1491652374,584060,3,0,2,0,29757,0.00127783,0.00121483,-1.0897,0.000274452,0.000336637,0.000809773,0,0,-1000,3,3,3,56,231,-528
4.875,-353632623,1491652374,584060,3,0,2,0,29757,0.00127783,0.00121483,-1.0897,0.000274452,0.000336637,0.000809773,0,0,-1000,3,3,3,56,231,-528
4.9,-353632623,1491652374,584060,3,0,2,0,29757,0.00127783,0.00121483,-1.0897,0.000274452,0.000336637,0.000809773,0,0,-1000,3,3,3,56,231,-528
4.925,-353632623,1491652374,584060,3,0,2,0,29757,0.00127783,0.00121483,-1.0897,0.000274452,0.000336637,0.000809773,0,0,-1000,3,3,3,56,231,-528
4.95,-353632623,1491652374,584060,3,0,2,0,29757,0.00127783,0.00121483,-1.0897,0.000274452,0.000336637,0.000809773,0,0,-1000,3,3,3,56,231,-528
4.975,-353632623,1491652374,584060,3,0,2,0,29757,0.00127783,0.00121483,-1.0897,0.000274452,0.000336637,0.000809773,0,0,-1000,3,3,3,56,231,-528
5,-353632623,1491652374,584060,3,0,2,0,29757,0.00127783,0.00121483,-1.0897,0.000274452,0.000336637,0.000809773,0,0,-1000,3,3,3,56,231,-528
5.025,-353632623,1491652374,584060,3,0,2,0,29757,0.00127783,0.00121483,-1.0897,0.000274452,0.000336637,0.000809773,0,0,-1000,3,3,3,56,231,-528
5.05,-353632623,1491652374,584060,3,0,2,0,29757,0.00127783,0.00121483,-1.0897,0.000274452,0.000336637,0.000809773,0,0,-1000,3,3,3,56,231,-528
5.075,-353632623,1491652374,584060,3,0,2,0,29757,0.00127783,0.00121483,-1.0897,0.000274452,0.000336637,0.000809773,0,0,-1000,3,3,3,56,231,-528
5.1,-353632623,1491652374,584060,3,0,2,0,29757,0.00127783,0.00121483,-1.0897,0.000274452,0.000336637,0.000809773,0,0,-1000,3,3,3,56,231,-528
5.125,-353632623,1491652374,584060,3,0,2,0,29757,0.00127783,0.00121483,-1.0897,0.000274452,0.000336637,0.000809773,0,0,-1000,3,3,3,56,231,-528
5.15,-353632623,1491652374,584060,3,0,2,0,29757,0.00127783,0.00121483,-1.0897,0.000274452,0.000336637,0.000809773,0,0,-1000,3,3,3,56,231,-528
5.175,-353632623,1491652374,584060,3,0,2,0,29757,0.00127783,0.00121483,-1.0897,0.000274452,0.000336637,0.000809773,0,0,-1000,3,3,3,56,231,-528
5.2,-353632623,1491652374,584060,3,0,2,0,29757,0.00127783,0.00121483,-1.0897,0.000274452,0.000336637,0.000809773,0,0,-1000,3,3,3,56,231,-528
5.225,-353632623,1491652374,584060,3,0,2,0,29757,0.00127783,0.00121483,-1.0897,0.000274452,0.000336637,0.000809773,0,0,-1000,3,3,3,56,231,-528
5.25,-353632623,1491652374,584060,3,0,2,0,29757,0.00127783,0.00121483,-1.0897,0.000274452,0.000336637,0.000809773,0,0,-1000,3,3,3,56,231,-528
5.275,-353632623,1491652374,584060,3,0,2,0,29757,0.00127783,0.00121483,-1.0897,0.000274452,0.000336637,0.000809773,0,0,-1000,3,3,3,56,231,-528
5.3,-353632623,1491652374,584060,3,0,2,0,29757,0.00127783,0.00121483,-1.0897,0.000274452,0.000336637,0.000809773,0,0,-1000,3,3,3,56,231,-528
5.325,-353632623,1491652374,584060,3,0,2,0,29757,0.00127783,0.00121483,-1.0897,0.000274452,0.000336637,0.000809773,0,0,-1000,3,3,3,56,231,-528
5.35,-353632623,1491652374,584060,3,0,2,0,29757,0.00127783,0.00121483,-1.0897,0.000274452,0.000336637,0.000809773,0,0,-1000,3,3,3,56,231,-528
5.375,-353632623,1491652374,584060,3,0,2,0,29757,0.00127783,0.00121483,-1.0897,0.000274452,0.000336637,0.000809773,0,0,-1000,3,3,3,56,231,-528
5.4,-353632623,1491652374,584060,3,0,2,0,29757,0.00127783,0.00121483,-1.0897,0.000274452,0.000336637,0.000809773,0,0,-1000,3,3,3,56,231,-528
5.425,-353632623,1491652374,584060,3,0,2,0,29757,0.00127783,0.00121483,-1.0897,0.000274452,0.000336637,0.000809773,0,0,-1000,3,3,3,56,231,-528
5.45,-353632623,1491652374,584060,3,0,2,0,29757,0.00127783,0.00121483,-1.0897,0.000274452,0.000336637,0.000809773,0,0,-1000,3,3,3,56,231,-528
5.475,-353632623,1491652374,584060,3,0,2,0,29757,0.00127783,0.00121483,-1.0897,0.000274452,0.000336637,0.000809773,0,0,-1000,3,3,3,56,231,-528
5.5,-353632623,1491652374,584060,3,0,2,0,29757,0.00127783,0.00121483,-1.0897,0.000274452,0.000336637,0.000809773,0,0,-1000,3,3,3,56,231,-528
5.525,-353632623,1491652374,584060,3,0,2,0,29757,0.00127783,0.00121483,-1.0897,0.000274452,0.000336637,0.000809773,0,0,-1000,3,3,3,56,231,-528
5.55,-353632623,1491652374,584060,3,0,2,0,29757,0.00127783,0.00121483,-1.0897,0.000274452,0.000336637,0.000809773,0,0,-1000,3,3,3,56,231,-528
5.575,-353632623,1491652374,584060,3,0,2,0,29757,0.00127783,0.00121483,-1.0897,0.000274452,0.000336637,0.000809773,0,0,-1000,3,3,3,56,231,-528
5.6,-353632623,1491652374,584060,3,0,2,0,29757,0.00127783,0.00121483,-1.0897,0.000274452,0.000336637,0.000809773,0,0,-1000,3,3,3,56,231,-528
5.625,-353632623,1491652374,584060,3,0,2,0,29757,0.00127783,0.00121483,-1.0897,0.000274452,0.000336637,0.000809773,0,0,-1000,3,3,3,56,231,-528
5.65,-353632623,1491652374,584060,3,0,2,0,29757,0.00127783,0.00121483,-1.0897,0.000274452,0.000336637,0.000809773,0,0,-1000,3,3,3,56,231,-528
5.675,-353632623,1491652374,584060,3,0,2,0,29757,0.00127783,0.00121483,-1.0897,0.000274452,0.000336637,0.000809773,0,0,-1000,3,3,3,56,231,-528
5.7,-353632623,1491652374,584060,3,0,2,0,29757,0.00127783,0.00121483,-1.0897,0.000274452,0.000336637,0.000809773,0,0,-1000,3,3,3,56,231,-528
5.725,-353632623,1491652374,584060,3,0,2,0,29757,0.00127783,0.00121483,-1.0897,0.000274452,0.000336637,0.000809773,0,0,-1000,3,3,3,56,231,-528
5.75,-353632623,1491652374,584060,3,0,2,0,29757,0.00127783,0.00121483,-1.0897,0.000274452,0.000336637,0.000809773,0,0,-1000,3,3,3,56,231,-528
5.775,-353632623,1491652374,584060,3,0,2,0,29757,0.00127783,0.00121483,-1.0897,0.000274452,0.000336637,0.000809773,0,0,-1000,3,3,3,56,231,-528
5.8,-353632623,1491652374,584060,3,0,2,0,29757,0.00127783,0.00121483,-1.0897,0.000274452,0.000336637,0.000809773,0,0,-1000,3,3,3,56,231,-528
5.825,-353632623,1491652374,584060,3,0,2,0,29757,0.00127783,0.00121483,-1.0897,0.000274452,0.000336637,0.000809773,0,0,-1000,3,3,3,56,231,-528
5.85,-353632623,1491652374,584060,3,0,2,0,29757,0.00127783,0.00121483,-1.0897,0.000274452,0.000336637,0.000809773,0,0,-1000,3,3,3,56,231,-528
5.875,-353632623,1491652374,584060,3,0,2,0,29757,0.00127783,0.00121483,-1.0897,0.000274452,0.000336637,0.000809773,0,0,-1000,3,3,3,56,231,-528
5.9,-353632623,1491652374,584060,3,0,2,0,29757,0.00127783,0.00121483,-1.0897,0.000274452,0.000336637,0.000809773,0,0,-1000,3,3,3,56,231,-528
5.925,-353632623,1491652374,584060,3,0,2,0,29757,0.00127783,0.00121483,-1.0897,0.000274452,0.000336637,0.000809773,0,0,-1000,3,3,3,56,231,-528
5.95,-353632623,1491652374,584060,3,0,2,0,29757,0.00127783,0.00121483,-1.0897,0.000274452,0.000336637,0.000809773,0,0,-1000,3,3,3,56,231,-528
5.975,-353632623,1491652374,584060,3,0,2,0,29757,0.00127783,0.00121483,-1.0897,0.000274452,0.000336637,0.000809773,0,0,-1000,3,3,3,56,231,-528
6,-353632623,1491652374,584060,3,0,2,0,29757,0.00127783,0.00121483,-1.0897,0.000274452,0.000336637,0.000809773,0,0,-1000,3,3,3,56,231,-528
6.025,-353632623,1491652374,584060,3,0,2,0,29757,0.00127783,0.00121483,-1.0897,0.000274452,0.000336637,0.000809773,0,0,-1000,3,3,3,56,231,-528
6.05,-353632623,1491652374,584060,3,0,2,0,29757,0.00127783,0.00121483,-1.0897,0.000274452,0.000336637,0.000809773,0,0,-1000,3,3,3,56,231,-528
6.075,-353632623,1491652374,584060,3,0,2,0,29757,0.00127783,0.00121483,-1.0897,0.000274452,0.000336637,0.000809773,0,0,-1000,3,3,3,56,231,-528
6.1,-353632623,1491652374,584060,3,0,2,0,29757,0.00127783,0.00121483,-1.0897,0.000274452,0.000336637,0.000809773,0,0,-1000,3,3,3,56,231,-528
6.125,-353632623,1491652374,584060,3,0,2,0,29757,0.00127783,0.00121483,-1.0897,0.000274452,0.000336637,0.000809773,0,0,-1000,3,3,3,56,231,-528
6.15,-353632623,1491652374,584060,3,0,2,0,29757,0.00127783,0.00121483,-1.0897,0.000274452,0.000336637,0.000809773,0,0,-1000,3,3,3,56,231,-528
6.175,-353632623,1491652374,584060,3,0,2,0,29757,0.00127783,0.00121483,-1.0897,0.000274452,0.000336637,0.000809773,0,0,-1000,3,3,3,56,231,-528
6.2,-353632623,1491652374,584060,3,0,2,0,29757,0.00127783,0.00121483,-1.0897,0.000274452,0.000336637,0.000809773,0,0,-1000,3,3,3,56,231,-528
6.225,-353632623,1491652374,584060,3,0,2,0,29757,0.00127783,0.00121483,-1.0897,0.000274452,0.000336637,0.000809773,0,0,-1000,3,3,3,56,231,-528
6.25,-353632623,1491652374,584060,3,0,2,0,29757,0.00127783,0.00121483,-1.0897,0.000274452,0.000336637,0.000809773,0,0,-1000,3,3,3,56,231,-528
6.275,-353632623,1491652374,584060,3,0,2,0,29757,0.00127783,0.00121483,-1.0897,0.000274452,0.000336637,0.000809773,0,0,-1000,3,3,3,56,231,-528
6.3,-353632623,1491652374,584060,3,0,2,0,29757,0.00127783,0.00121483,-1.0897,0.000274452,0.000336637,0.000809773,0,0,-1000,3,3,3,56,231,-528
6.325,-353632623,1491652374,584060,3,0,2,0,29757,0.00127783,0.00121483,-1.0897,0.000274452,0.000336637,0.000809773,0,0,-1000,3,3,3,56,231,-528
6.35,-353632623,1491652374,584060,3,0,2,0,29757,0.00127783,0.00121483,-1.0897,0.000274452,0.000336637,0.000809773,0,0,-1000,3,3,3,56,231,-528
6.375,-353632623,1491652374,584060,3,0,2,0,29757,0.00127783,0.00121483,-1.0897,0.000274452,0.000336637,0.000809773,0,0,-1000,3,3,3,56,231,-528
6.4,-353632623,1491652374,584060,3,0,2,0,29757,0.00127783,0.00121483,-1.0897,0.000274452,0.000336637,0.000809773,0,0,-1000,3,3,3,56,231,-528
6.425,-353632623,1491652374,584060,3,0,2,0,29757,0.00127783,0.00121483,-1.0897,0.000274452,0.000336637,0.000809773,0,0,-1000,3,3,3,56,231,-528
6.45,-353632623,1491652374,584060,3,0,2,0,29757,0.00127783,0.00121483,-1.0897,0.000274452,0.000336637,0.000809773,0,0,-1000,3,3,3,56,231,-528
6.475,-353632623,1491652374,584060,3,0,2,0,29757,0.00127783,0.00121483,-1.0897,0.000274452,0.000336637,0.000809773,0,0,-1000,3,3,3,56,231,-528
6.5,-353632623,1491652374,584060,3,0,2,0,29757,0.00127783,0.00121483,-1.0897,0.000274452,0.000336637,0.000809773,0,0,-1000,3,3,3,56,231,-528
6.525,-353632623,1491652374,584060,3,0,2,0,29757,0.00127783,0.00121483,-1.0897,0.000274452,0.000336637,0.000809773,0,0,-1000,3,3,3,56,231,-528
6.55,-353632623,1491652374,584060,3,0,2,0,29757,0.00127783,0.00121483,-1.0897,0.000274452,0.000336637,0.000809773,0,0,-1000,3,3,3,56,231,-528
6.575,-353632623,1491652374,584060,3,0,2,0,29757,0.00127783,0.00121483,-1.0897,0.000274452,0.000336637,0.000809773,0,0,-1000,3,3,3,56,231,-528
6.6,-353632623,1491652374,584060,3,0,2,0,29757,0.00127783,0.00121483,-1.0897,0.000274452,0.000336637,0.000809773,0,0,-1000,3,3,3,56,231,-528
6.625,-353632623,1491652374,584060,3,0,2,0,29757,0.00127783,0.00121483,-1.0897,0.000274452,0.000336637,0.000809773,0,0,-1000,3,3,3,56,231,-528
6.65,-353632623,1491652374,584060,3,0,2,0,29757,0.00127783,0.00121483,-1.0897,0.000274452,0.000336637,0.000809773,0,0,-1000,3,3,3,56,231,-528
6.675,-353632623,1491652374,584060,3,0,2,0,29757,0.00127783,0.00121483,-1.0897,0.000274452,0.000336637,0.000809773,0,0,-1000,3,3,3,56,231,-528
6.7,-353632623,1491652374,584060,3,0,2,0,29757,0.00127783,0.00121483,-1.0897,0.000274452,0.000336637,0.000809773,0,0,-1000,3,3,3,56,231,-528
6.725,-353632623,1491652374,584060,3,0,2,0,29757,0.00127783,0.00121483,-1.0897,0.000274452,0.000336637,0.000809773,0,0,-1000,3,3,3,56,231,-528
6.75,-353632623,1491652374,584060,3,0,2,0,29757,0.00127783,0.00121483,-1.0897,0.000274452,0.000336637,0.000809773,0,0,-1000,3,3,3,56,231,-528
6.775,-353632623,1491652374,584060,3,0,2,0,29757,0.00127783,0.00121483,-1.0897,0.000274452,0.000336637,0.000809773,0,0,-1000,3,3,3,56,231,-528
6.8,-353632623,1491652374,584060,3,0,2,0,29757,0.00127783,0.00121483,-1.0897,0.000274452,0.000336637,0.000809773,0,0,-1000,3,3,3,56,231,-528
6.825,-353632623,1491652374,584060,3,0,2,0,29757,0.00127783,0.00121483,-1.0897,0.000274452,0.000336637,0.000809773,0,0,-1000,3,3,3,56,231,-528
6.85,-353632623,1491652374,584060,3,0,2,0,29757,0.00127783,0.00121483,-1.0897,0.000274452,0.000336637,0.000809773,0,0,-1000,3,3,3,56,231,-528
6.875,-353632623,1491652374,584060,3,0,2,0,29757,0.00127783,0.00121483,-1.0897,0.000274452,0.000336637,0.000809773,0,0,-1000,3,3,3,56,231,-528
6.9,-353632623,1491652374,584060,3,0,2,0,29757,0.00127783,0.00121483,-1.0897,0.000274452,0.000336637,0.000809773,0,0,-1000,3,3,3,56,231,-528
6.925,-353632623,1491652374,584060,3,0,2,0,29757,0.00127783,0.00121483,-1.0897,0.000274452,0.000336637,0.000809773,0,0,-1000,3,3,3,56,231,-528
6.95,-353632623,1491652374,584060,3,0,2,0,29757,0.00127783,0.00121483,-1.0897,0.000274452,0.000336637,0.000809773,0,0,-1000,3,3,3,56,231,-528
6.975,-353632623,1491652374,584060,3,0,2,0,29757,0.00127783,0.00121483,-1.0897,0.000274452,0.000336637,0.000809773,0,0,-1000,3,3,3,56,231,-528
7,-353632623,1491652374,584060,3,0,2,0,29757,0.00127783,0.00121483,-1.0897,0.000274452,0.000336637,0.000809773,0,0,-1000,3,3,3,56,231,-528
7.025,-353632623,1491652374,584060,3,0,2,0,29757,0.00127783,0.00121483,-1.0897,0.000274452,0.000336637,0.000809773,0,0,-1000,3,3,3,56,231,-528
7.05,-353632623,1491652374,584060,3,0,2,0,29757,0.00127783,0.00121483,-1.0897,0.000274452,0.000336637,0.000809773,0,0,-1000,3,3,3,56,231,-528
7.075,-353632623,1491652374,584060,3,0,2,0,29757,0.00127783,0.00121483,-1.0897,0.000274452,0.000336637,0.000809773,0,0,-1000,3,3,3,56,231,-528
7.1,-353632623,1491652374,584060,3,0,2,0,29757,0.00127783,0.00121483,-1.0897,0.000274452,0.000336637,0.000809773,0,0,-1000,3,3,3,56,231,-528
7.125,-353632623,1491652374,584060,3,0,2,0,29757,0.00127783,0.00121483,-1.0897,0.000274452,0.000336637,0.000809773,0,0,-1000,3,3,3,56,231,-528
7.15,-353632623,1491652374,584060,3,0,2,0,29757,0.00127783,0.00121483,-1.0897,0.000274452,0.000336637,0.000809773,0,0,-1000,3,3,3,56,231,-528
7.175,-353632623,1491652374,584060,3,0,2,0,29757,0.00127783,0.00121483,-1.0897,0.000274452,0.000336637,0.000809773,0,0,-1000,3,3,3,56,231,-528
7.2,-353632623,1491652374,584060,3,0,2,0,29757,0.00127783,0.00121483,-1.0897,0.000274452,0.000336637,0.000809773,0,0,-1000,3,3,3,56,231,-528
7.225,-353632623,1491652374,584060,3,0,2,0,29757,0.00127783,0.00121483,-1.0897,0.000274452,0.000336637,0.000809773,0,0,-1000,3,3,3,56,231,-528
7.25,-353632623,1491652374,584060,3,0,2,0,29757,0.00127783,0.00121483,-1.0897,0.000274452,0.000336637,0.000809773,0,0,-1000,3,3,3,56,231,-528
7.275,-353632623,1491652374,584060,3,0,2,0,29757,0.00127783,0.00121483,-1.0897,0.000274452,0.000336637,0.000809773,0,0,-1000,3,3,3,56,231,-528
7.3,-353632623,1491652374,584060,3,0,2,0,29757,0.00127783,0.00121483,-1.0897,0.000274452,0.000336637,0.000809773,0,0,-1000,3,3,3,56,231,-528
7.325,-353632623,1491652374,584060,3,0,2,0,29757,0.00127783,0.00121483,-1.0897,0.000274452,0.000336637,0.000809773,0,0,-1000,3,3,3,56,231,-528
7.35,-353632623,1491652374,584060,3,0,2,0,29757,0.00127783,0.00121483,-1.0897,0.000274452,0.000336637,0.000809773,0,0,-1000,3,3,3,56,231,-528
7.375,-353632623,1491652374,584060,3,0,2,0,29757,0.00127783,0.00121483,-1.0897,0.000274452,0.000336637,0.000809773,0,0,-1000,3,3,3,56,231,-528
7.4,-353632623,1491652374,584060,3,0,2,0,29757,0.00127783,0.00121483,-1.0897,0.000274452,0.000336637,0.000809773,0,0,-1000,3,3,3,56,231,-528
7.425,-353632623,1491652374,584060,3,0,2,0,29757,0.00127783,0.00121483,-1.0897,0.000274452,0.000336637,0.000809773,0,0,-1000,3,3,3,56,231,-528
7.45,-353632623,1491652374,584060,3,0,2,0,29757,0.00127783,0.00121483,-1.0897,0.000274452,0.000336637,0.000809773,0,0,-1000,3,3,3,56,231,-528
7.475,-353632623,1491652374,584060,3,0,2,0,29757,0.00127783,0.00121483,-1.0897,0.000274452,0.000336637,0.000809773,0,0,-1000,3,3,3,56,231,-528
7.5,-353632623,1491652374,584060,3,0,2,0,29757,0.00127783,0.00121483,-1.0897,0.000274452,0.000336637,0.000809773,0,0,-1000,3,3,3,56,231,-528
7.525,-353632623,1491652374,584060,3,0,2,0,29757,0.00127783,0.00121483,-1.0897,0.000274452,0.000336637,0.000809773,0,0,-1000,3,3,3,56,231,-528
7.55,-353632623,1491652374,584060,3,0,2,0,29757,0.00127783,0.00121483,-1.0897,0.000274452,0.000336637,0.000809773,0,0,-1000,3,3,3,56,231,-528
7.575,-353632623,1491652374,584060,3,0,2,0,29757,0.00127783,0.00121483,-1.0897,0.000274452,0.000336637,0.000809773,0,0,-1000,3,3,3,56,231,-528
7.6,-353632623,1491652374,584060,3,0,2,0,29757,0.00127783,0.00121483,-1.0897,0.000274452,0.000336637,0.000809773,0,0,-1000,3,3,3,56,231,-528
7.625,-353632623,1491652374,584060,3,0,2,0,29757,0.00127783,0.00121483,-1.0897,0.000274452,0.000336637,0.000809773,0,0,-1000,3,3,3,56,231,-528
7.65,-353632623,1491652374,584060,3,0,2,0,29757,0.00127783,0.00121483,-1.0897,0.000274452,0.000336637,0.000809773,0,0,-1000,3,3,3,56,231,-528
7.675,-353632623,1491652374,584060,3,0,2,0,29757,0.00127783,0.00121483,-1.0897,0.000274452,0.000336637,0.000809773,0,0,-1000,3,3,3,56,231,-528
7.7,-353632623,1491652374,584060,3,0,2,0,29757,0.00127783,0.00121483,-1.0897,0.000274452,0.000336637,0.000809773,0,0,-1000,3,3,3,56,231,-528
7.725,-353632623,1491652374,584060,3,0,2,0,29757,0.00127783,0.00121483,-1.0897,0.000274452,0.000336637,0.000809773,0,0,-1000,3,3,3,56,231,-528
7.75,-353632623,1491652374,584060,3,0,2,0,29757,0.00127783,0.00121483,-1.0897,0.000274452,0.000336637,0.000809773,0,0,-1000,3,3,3,56,231,-528
7.775,-353632623,1491652374,584060,3,0,2,0,29757,0.00127783,0.00121483,-1.0897,0.000274452,0.000336637,0.000809773,0,0,-1000,3,3,3,56,231,-528
7.8,-353632623,1491652374,584060,3,0,2,0,29757,0.00127783,0.00121483,-1.0897,0.000274452,0.000336637,0.000809773,0,0,-1000,3,3,3,56,231,-528
7.825,-353632623,1491652374,584060,3,0,2,0,29757,0.00127783,0.00121483,-1.0897,0.000274452,0.000336637,0.000809773,0,0,-1000,3,3,3,56,231,-528
7.85,-353632623,1491652374,584060,3,0,2,0,29757,0.00127783,0.00121483,-1.0897,0.000274452,0.000336637,0.000809773,0,0,-1000,3,3,3,56,231,-528
7.875,-353632623,1491652374,584060,3,0,2,0,29757,0.00127783,0.00121483,-1.0897,0.000274452,0.000336637,0.000809773,0,0,-1000,3,3,3,56,231,-528
7.9,-353632623,1491652374,584060,3,0,2,0,29757,0.00127783,0.00121483,-1.0897,0.000274452,0.000336637,0.000809773,0,0,-1000,3,3,3,56,231,-528
7.925,-353632623,1491652374,584060,3,0,2,0,29757,0.00127783,0.00121483,-1.0897,0.000274452,0.000336637,0.000809773,0,0,-1000,3,3,3,56,231,-528
7.95,-353632623,1491652374,584060,3,0,2,0,29757,0.00127783,0.00121483,-1.0897,0.000274452,0.000336637,0.000809773,0,0,-1000,3,3,3,56,231,-528
7.975,-353632623,1491652374,584060,3,0,2,0,29757,0.00127783,0.00121483,-1.0897,0.000274452,0.000336637,0.000809773,0,0,-1000,3,3,3,56,231,-528
8,-353632623,1491652374,584060,3,0,2,0,29757,0.00127783,0.00121483,-1.0897,0.000274452,0.000336637,0.000809773,0,0,-1000,3,3,3,56,231,-528
8.025,-353632623,1491652374,584060,3,0,2,0,29757,0.00127783,0.00121483,-1.0897,0.000274452,0.000336637,0.000809773,0,0,-1000,3,3,3,56,231,-528
8.05,-353632623,1491652374,584060,3,0,2,0,29757,0.00127783,0.00121483,-1.0897,0.000274452,0.000336637,0.000809773,0,0,-1000,3,3,3,56,231,-528
8.075,-353632623,1491652374,584060,3,0,2,0,29757,0.00127783,0.00121483,-1.0897,0.000274452,0.000336637,0.000809773,0,0,-1000,3,3,3,56,231,-528
8.1,-353632623,1491652374,584060,3,0,2,0,29757,0.00127783,0.00121483,-1.0897,0.000274452,0.000336637,0.000809773,0,0,-1000,3,3,3,56,231,-528
8.125,-353632623,1491652374,584060,3,0,2,0,29757,0.00127783,0.00121483,-1.0897,0.000274452,0.000336637,0.000809773,0,0,-1000,3,3,3,56,231,-528
8.15,-353632623,1491652374,584060,3,0,2,0,29757,0.00127783,0.00121483,-1.0897,0.000274452,0.000336637,0.000809773,0,0,-1000,3,3,3,56,231,-528
8.175,-353632623,1491652374,584060,3,0,2,0,29757,0.00127783,0.00121483,-1.0897,0.000274452,0.000336637,0.000809773,0,0,-1000,3,3,3,56,231,-528
8.2,-353632623,1491652374,584060,3,0,2,0,29757,0.00127783,0.00121483,-1.0897,0.000274452,0.000336637,0.000809773,0,0,-1000,3,3,3,56,231,-528
8.225,-353632623,1491652374,584060,3,0,2,0,29757,0.00127783,0.00121483,-1.0897,0.000274452,0.000336637,0.000809773,0,0,-1000,3,3,3,56,231,-528
8.25,-353632623,1491652374,584060,3,0,2,0,29757,0.00127783,0.00121483,-1.0897,0.000274452,0.000336637,0.000809773,0,0,-1000,3,3,3,56,231,-528
8.275,-353632623,1491652374,584060,3,0,2,0,29757,0.00127783,0.00121483,-1.0897,0.000274452,0.000336637,0.000809773,0,0,-1000,3,3,3,56,231,-528
8.3,-353632623,1491652374,584060,3,0,2,0,29757,0.00127783,0.00121483,-1.0897,0.000274452,0.000336637,0.000809773,0,0,-1000,3,3,3,56,231,-528
8.325,-353632623,1491652374,584060,3,0,2,0,29757,0.00127783,0.00121483,-1.0897,0.000274452,0.000336637,0.000809773,0,0,-1000,3,3,3,56,231,-528
8.35,-353632623,1491652374,584060,3,0,2,0,29757,0.00127783,0.00121483,-1.0897,0.000274452,0.000336637,0.000809773,0,0,-1000,3,3,3,56,231,-528
8.375,-353632623,1491652374,584060,3,0,2,0,29757,0.00127783,0.00121483,-1.0897,0.000274452,0.000336637,0.000809773,0,0,-1000,3,3,3,56,231,-528
8.4,-353632623,1491652374,584060,3,0,2,0,29757,0.00127783,0.00121483,-1.0897,0.000274452,0.000336637,0.000809773,0,0,-1000,3,3,3,56,231,-528
8.425,-353632623,1491652374,584060,3,0,2,0,29757,0.00127783,0.00121483,-1.0897,0.000274452,0.000336637,0.000809773,0,0,-1000,3,3,3,56,231,-528
8.45,-353632623,1491652374,584060,3,0,2,0,29757,0.00127783,0.00121483,-1.0897,0.000274452,0.000336637,0.000809773,0,0,-1000,3,3,3,56,231,-528
8.475,-353632623,1491652374,584060,3,0,2,0,29757,0.00127783,0.00121483,-1.0897,0.000274452,0.000336637,0.000809773,0,0,-1000,3,3,3,56,231,-528
8.5,-353632623,1491652374,584060,3,0,2,0,29757,0.00127783,0.00121483,-1.0897,0.000274452,0.000336637,0.000809773,0,0,-1000,3,3,3,56,231,-528
8.525,-353632623,1491652374,584060,3,0,2,0,29757,0.00127783,0.00121483,-1.0897,0.000274452,0.000336637,0.000809773,0,0,-1000,3,3,3,56,231,-528
8.55,-353632623,1491652374,584060,3,0,2,0,29757,0.00127783,0.00121483,-1.0897,0.000274452,0.000336637,0.000809773,0,0,-1000,3,3,3,56,231,-528
8.575,-353632623,1491652374,584060,3,0,2,0,29757,0.00127783,0.00121483,-1.0897,0.000274452,0.000336637,0.000809773,0,0,-1000,3,3,3,56,231,-528
8.6,-353632623,1491652374,584060,3,0,2,0,29757,0.00127783,0.00121483,-1.0897,0.000274452,0.000336637,0.000809773,0,0,-1000,3,3,3,56,231,-528
8.625,-353632623,1491652374,584060,3,0,2,0,29757,0.00127783,0.00121483,-1.0897,0.000274452,0.000336637,0.000809773,0,0,-1000,3,3,3,56,231,-528
8.65,-353632623,1491652374,584060,3,0,2,0,29757,0.00127783,0.00121483,-1.0897,0.000274452,0.000336637,0.000809773,0,0,-1000,3,3,3,56,231,-528
8.675,-353632623,1491652374,584060,3,0,2,0,29757,0.00127783,0.00121483,-1.0897,0.000274452,0.000336637,0.000809773,0,0,-1000,3,3,3,56,231,-528
8.7,-353632623,1491652374,584060,3,0,2,0,29757,0.00127783,0.00121483,-1.0897,0.000274452,0.000336637,0.000809773,0,0,-1000,3,3,3,56,231,-528
8.725,-353632623,1491652374,584060,3,0,2,0,29757,0.00127783,0.00121483,-1.0897,0.000274452,0.000336637,0.000809773,0,0,-1000,3,3,3,56,231,-528
8.75,-353632623,1491652374,584060,3,0,2,0,29757,0.00127783,0.00121483,-1.0897,0.000274452,0.000336637,0.000809773,0,0,-1000,3,3,3,56,231,-528
8.775,-353632623,1491652374,584060,3,0,2,0,29757,0.00127783,0.00121483,-1.0897,0.000274452,0.000336637,0.000809773,0,0,-1000,3,3,3,56,231,-528
8.8,-353632623,1491652374,584060,3,0,2,0,29757,0.00127783,0.00121483,-1.0897,0.000274452,0.000336637,0.000809773,0,0,-1000,3,3,3,56,231,-528
8.825,-353632623,1491652374,584060,3,0,2,0,29757,0.00127783,0.00121483,-1.0897,0.000274452,0.000336637,0.000809773,0,0,-1000,3,3,3,56,231,-528
8.85,-353632623,1491652374,584060,3,0,2,0,29757,0.00127783,0.00121483,-1.0897,0.000274452,0.000336637,0.000809773,0,0,-1000,3,3,3,56,231,-528
8.875,-353632623,1491652374,584060,3,0,2,0,29757,0.00127783,0.00121483,-1.0897,0.000274452,0.000336637,0.000809773,0,0,-1000,3,3,3,56,231,-528
8.9,-353632623,1491652374,584060,3,0,2,0,29757,0.00127783,0.00121483,-1.0897,0.000274452,0.000336637,0.000809773,0,0,-1000,3,3,3,56,231,-528
8.925,-353632623,1491652374,584060,3,0,2,0,29757,0.00127783,0.00121483,-1.0897,0.000274452,0.000336637,0.000809773,0,0,-1000,3,3,3,56,231,-528
8.95,-353632623,1491652374,584060,3,0,2,0,29757,0.00127783,0.00121483,-1.0897,0.000274452,0.000336637,0.000809773,0,0,-1000,3,3,3,56,231,-528
8.975,-353632623,1491652374,584060,3,0,2,0,29757,0.00127783,0.00121483,-1.0897,0.000274452,0.000336637,0.000809773,0,0,-1000,3,3,3,56,231,-528
9,-353632623,1491652374,584060,3,0,2,0,29757,0.00127783,0.00121483,-1.0897,0.000274452,0.000336637,0.000809773,0,0,-1000,3,3,3,56,231,-528
9.025,-353632623,1491652374,584060,3,0,2,0,29757,0.00127783,0.00121483,-1.0897,0.000274452,0.000336637,0.000809773,0,0,-1000,3,3,3,56,231,-528
9.05,-353632623,1491652374,584060,3,0,2,0,29757,0.00127783,0.00121483,-1.0897,0.000274452,0.000336637,0.000809773,0,0,-1000,3,3,3,56,231,-528
9.075,-353632623,1491652374,584060,3,0,2,0,29757,0.00127783,0.00121483,-1.0897,0.000274452,0.000336637,0.000809773,0,0,-1000,3,3,3,56,231,-528
9.1,-353632623,1491652374,584060,3,0,2,0,29757,0.00127783,0.00121483,-1.0897,0.000274452,0.000336637,0.000809773,0,0,-1000,3,3,3,56,231,-528
9.125,-353632623,1491652374,584060,3,0,2,0,29757,0.00127783,0.00121483,-1.0897,0.000274452,0.000336637,0.000809773,0,0,-1000,3,3,3,56,231,-528
9.15,-353632623,1491652374,584060,3,0,2,0,29757,0.00127783,0.00121483,-1.0897,0.000274452,0.000336637,0.000809773,0,0,-1000,3,3,3,56,231,-528
9.175,-353632623,1491652374,584060,3,0,2,0,29757,0.00127783,0.00121483,-1.0897,0.000274452,0.000336637,0.000809773,0,0,-1000,3,3,3,56,231,-528
9.2,-353632623,1491652374,584060,3,0,2,0,29757,0.00127783,0.00121483,-1.0897,0.000274452,0.000336637,0.000809773,0,0,-1000,3,3,3,56,231,-528
9.225,-353632623,1491652374,584060,3,0,2,0,29757,0.00127783,0.00121483,-1.0897,0.000274452,0.000336637,0.000809773,0,0,-1000,3,3,3,56,231,-528
9.25,-353632623,1491652374,584060,3,0,2,0,29757,0.00127783,0.00121483,-1.0897,0.000274452,0.000336637,0.000809773,0,0,-1000,3,3,3,56,231,-528
9.275,-353632623,1491652374,584060,3,0,2,0,29757,0.00127783,0.00121483,-1.0897,0.000274452,0.000336637,0.000809773,0,0,-1000,3,3,3,56,231,-528
9.3,-353632623,1491652374,584060,3,0,2,0,29757,0.00127783,0.00121483,-1.0897,0.000274452,0.000336637,0.000809773,0,0,-1000,3,3,3,56,231,-528
9.325,-353632623,1491652374,584060,3,0,2,0,29757,0.00127783,0.00121483,-1.0897,0.000274452,0.000336637,0.000809773,0,0,-1000,3,3,3,56,231,-528
9.35,-353632623,1491652374,584060,3,0,2,0,29757,0.00127783,0.00121483,-1.0897,0.000274452,0.000336637,0.000809773,0,0,-1000,3,3,3,56,231,-528
9.375,-353632623,1491652374,584060,3,0,2,0,29757,0.00127771,0.00121496,-1.0897,0.000254913,0.000334,0.000816112,0,0,-1000,3,3,3,56,231,-528
9.4,-353632623,1491652374,584060,3,0,2,0,29757,0.00127771,0.00121496,-1.0897,0.000254913,0.000334,0.000816112,0,0,-1000,3,3,3,56,231,-528
9.425,-353632623,1491652374,584060,3,0,2,0,29757,0.00127771,0.00121496,-1.0897,0.000254913,0.000334,0.000816112,0,0,-1000,3,3,3,56,231,-528
9.45,-353632623,1491652374,584060,3,0,2,0,29757,0.00127771,0.00121496,-1.0897,0.000254913,0.000334,0.000816112,0,0,-1000,3,3,3,56,231,-528
9.475,-353632623,1491652374,584060,3,0,2,0,29757,0.00127771,0.00121496,-1.0897,0.000254913,0.000334,0.000816112,0,0,-1000,3,3,3,56,231,-528
9.5,-353632623,1491652374,584060,3,0,2,0,29757,0.00127771,0.00121496,-1.0897,0.000254913,0.000334,0.000816112,0,0,-1000,3,3,3,56,231,-528
9.525,-353632623,1491652374,584060,3,0,2,0,29757,0.00127771,0.00121496,-1.0897,0.000254913,0.000334,0.000816112,0,0,-1000,3,3,3,56,231,-528
9.55,-353632623,1491652374,584060,3,0,2,0,29757,0.00127771,0.00121496,-1.0897,0.000254913,0.000334,0.000816112,0,0,-1000,3,3,3,56,231,-528
9.575,-353632623,1491652374,584060,3,0,2,0,29757,0.00127771,0.00121496,-1.0897,0.000254913,0.000334,0.000816112,0,0,-1000,3,3,3,56,231,-528
9.6,-353632623,1491652374,584060,3,0,2,0,29757,0.00127771,0.00121496,-1.0897,0.000254913,0.000334,0.000816112,0,0,-1000,3,3,3,56,231,-528
9.625,-353632623,1491652374,584060,3,0,2,0,29757,0.00127771,0.00121496,-1.0897,0.000254913,0.000334,0.000816112,0,0,-1000,3,3,3,56,231,-528
9.65,-353632623,1491652374,584060,3,0,2,0,29757,0.00127771,0.00121496,-1.0897,0.000254913,0.000334,0.000816112,0,0,-1000,3,3,3,56,231,-528
9.675,-353632623,1491652374,584060,3,0,2,0,29757,0.00127771,0.00121496,-1.0897,0.000254913,0.000334,0.000816112,0,0,-1000,3,3,3,56,231,-528
9.7,-353632623,1491652374,584060,3,0,2,0,29757,0.00127771,0.00121496,-1.0897,0.000254913,0.000334,0.000816112,0,0,-1000,3,3,3,56,231,-528
9.725,-353632623,1491652374,584060,3,0,2,0,29757,0.00127771,0.00121496,-1.0897,0.000254913,0.000334,0.000816112,0,0,-1000,3,3,3,56,231,-528
9.75,-353632623,1491652374,584060,3,0,2,0,29757,0.00127771,0.00121496,-1.0897,0.000254913,0.000334,0.000816112,0,0,-1000,3,3,3,56,231,-528
9.775,-353632623,1491652374,584060,3,0,2,0,29757,0.00127771,0.00121496,-1.0897,0.000254913,0.000334,0.000816112,0,0,-1000,3,3,3,56,231,-528
9.8,-353632623,1491652374,584060,3,0,2,0,29757,0.00127771,0.00121496,-1.0897,0.000254913,0.000334,0.000816112,0,0,-1000,3,3,3,56,231,-528
9.825,-353632623,1491652374,584060,3,0,2,0,29757,0.00127771,0.00121496,-1.0897,0.000254913,0.000334,0.000816112,0,0,-1000,3,3,3,56,231,-528
9.85,-353632623,1491652374,584060,3,0,2,0,29757,0.00127771,0.00121496,-1.0897,0.000254913,0.000334,0.000816112,0,0,-1000,3,3,3,56,231,-528
9.875,-353632623,1491652374,584060,3,0,2,0,29757,0.00127771,0.00121496,-1.0897,0.000254913,0.000334,0.000816112,0,0,-1000,3,3,3,56,231,-528
9.9,-353632623,1491652374,584060,3,0,2,0,29757,0.00127771,0.00121496,-1.0897,0.000254913,0.000334,0.000816112,0,0,-1000,3,3,3,56,231,-528
9.925,-353632623,1491652374,584060,3,0,2,0,29757,0.00127771,0.00121496,-1.0897,0.000254913,0.000334,0.000816112,0,0,-1000,3,3,3,56,231,-528
9.95,-353632623,1491652374,584060,3,0,2,0,29757,0.00127771,0.00121496,-1.0897,0.000254913,0.000334,0.000816112,0,0,-1000,3,3,3,56,231,-528
9.975,-353632623,1491652374,584060,3,0,2,0,29757,0.00127771,0.00121496,-1.0897,0.000254913,0.000334,0.000816112,0,0,-1000,3,3,3,56,231,-528
10,-353632623,1491652374,584060,3,0,2,0,29757,0.00127771,0.00121496,-1.0897,0.000254913,0.000334,0.000816112,0,0,-1000,3,3,3,56,231,-528
10.025,-353632623,1491652374,584060,3,0,2,0,29757,0.00127771,0.00121496,-1.0897,0.000254913,0.000334,0.000816112,0,0,-1000,3,3,3,56,231,-528
10.05,-353632623,1491652374,584060,3,0,2,0,29757,0.00127771,0.00121496,-1.0897,0.000254913,0.000334,0.000816112,0,0,-1000,3,3,3,56,231,-528
10.075,-353632623,1491652374,584060,3,0,2,0,29757,0.00127771,0.00121496,-1.0897,0.000254913,0.000334,0.000816112,0,0,-1000,3,3,3,56,231,-528
10.1,-353632623,1491652374,584060,3,0,2,0,29757,0.00127771,0.00121496,-1.0897,0.000254913,0.000334,0.000816112,0,0,-1000,3,3,3,56,231,-528
10.125,-353632623,1491652374,584060,3,0,2,0,29757,0.00127771,0.00121496,-1.0897,0.000254913,0.000334,0.000816112,0,0,-1000,3,3,3,56,231,-528
10.15,-353632623,1491652374,584060,3,0,2,0,29757,0.00127771,0.00121496,-1.0897,0.000254913,0.000334,0.000816112,0,0,-1000,3,3,3,56,231,-528
10.175,-353632623,1491652374,584060,3,0,2,0,29757,0.00127771,0.00121496,-1.0897,0.000254913,0.000334,0.000816112,0,0,-1000,3,3,3,56,231,-528
10.2,-353632623,1491652374,584060,3,0,2,0,29757,0.00127771,0.00121496,-1.0897,0.000254913,0.000334,0.000816112,0,0,-1000,3,3,3,56,231,-528
10.225,-353632623,1491652374,584060,3,0,2,0,29757,0.00127771,0.00121496,-1.0897,0.000254913,0.000334,0.000816112,0,0,-1000,3,3,3,56,231,-528
10.25,-353632623,1491652374,584060,3,0,2,0,29757,0.00127771,0.00121496,-1.0897,0.000254913,0.000334,0.000816112,0,0,-1000,3,3,3,56,231,-528
10.275,-353632623,1491652374,584060,3,0,2,0,29757,0.00127771,0.00121496,-1.0897,0.000254913,0.000334,0.000816112,0,0,-1000,3,3,3,56,231,-528
10.3,-353632623,1491652374,584060,3,0,2,0,29757,0.00127771,0.00121496,-1.0897,0.000254913,0.000334,0.000816112,0,0,-1000,3,3,3,56,231,-528
10.325,-353632623,1491652374,584060,3,0,2,0,29757,0.00127771,0.00121496,-1.0897,0.000254913,0.000334,0.000816112,0,0,-1000,3,3,3,56,231,-528
10.35,-353632623,1491652374,584060,3,0,2,0,29757,0.00127771,0.00121496,-1.0897,0.000254913,0.000334,0.000816112,0,0,-1000,3,3,3,56,231,-528
10.375,-353632623,1491652374,584060,3,0,2,0,29757,0.00127771,0.00121496,-1.0897,0.000254913,0.000334,0.000816112,0,0,-1000,3,3,3,56,231,-528
10.4,-353632623,1491652374,584060,3,0,2,0,29757,0.00127771,0.00121496,-1.0897,0.000254913,0.000334,0.000816112,0,0,-1000,3,3,3,56,231,-528
10.425,-353632623,1491652374,584060,3,0,2,0,29757,0.00127771,0.00121496,-1.0897,0.000254913,0.000334,0.000816112,0,0,-1000,3,3,3,56,231,-528
10.45,-353632623,1491652374,584060,3,0,2,0,29757,0.00127771,0.00121496,-1.0897,0.000254913,0.000334,0.000816112,0,0,-1000,3,3,3,56,231,-528
10.475,-353632623,1491652374,584060,3,0,2,0,29757,0.00127771,0.00121496,-1.0897,0.000254913,0.000334,0.000816112,0,0,-1000,3,3,3,56,231,-528
10.5,-353632623,1491652374,584060,3,0,2,0,29757,0.00127771,0.00121496,-1.0897,0.000254913,0.000334,0.000816112,0,0,-1000,3,3,3,56,231,-528
10.525,-353632623,1491652374,584060,3,0,2,0,29757,0.00127771,0.00121496,-1.0897,0.000254913,0.000334,0.000816112,0,0,-1000,3,3,3,56,231,-528
10.55,-353632623,1491652374,584060,3,0,2,0,29757,0.00127771,0.00121496,-1.0897,0.000254913,0.000334,0.000816112,0,0,-1000,3,3,3,56,231,-528
10.575,-353632623,1491652374,584060,3,0,2,0,29757,0.00127771,0.00121496,-1.0897,0.000254913,0.000334,0.000816112,0,0,-1000,3,3,3,56,231,-528
10.6,-353632623,1491652374,584060,3,0,2,0,29757,0.00127771,0.00121496,-1.0897,0.000254913,0.000334,0.000816112,0,0,-1000,3,3,3,56,231,-528
10.625,-353632623,1491652374,584060,3,0,2,0,29757,0.00127771,0.00121496,-1.0897,0.000254913,0.000334,0.000816112,0,0,-1000,3,3,3,56,231,-528
10.65,-353632623,1491652374,584060,3,0,2,0,29757,0.00127771,0.00121496,-1.0897,0.000254913,0.000334,0.000816112,0,0,-1000,3,3,3,56,231,-528
